,index,sample,NextSeq_run,MiSeq_run,vaf_n,vaf_m,score_n,score_m,coverage_n,coverage_m
30,chr7_55242465_GGAATTAAGA_G,DNA-9832_4,CG001Qv40Next017,CG001Qv40Run11,50.045148991672534,33.004005340453936,3070.0,3070.0,9967.0,3745.0
51,chr7_55248992_T_TACCATC,DNA-10202_7,CG001Qv40Next018,CG001Qv40Run12,43.984398439843986,27.61,3070.0,3070.0,9999.0,10000.0
53,chr7_55248992_T_TACCATC,DNA-10202_9,CG001Qv40Next018,CG001Qv40Run12,43.04430443044304,32.32,3070.0,3070.0,9999.0,10000.0
54,chr7_55248992_T_TACCATC,DNA-8386_10,CG001Qv40Next018,CG001Qv40Run12,44.924492449244916,39.17,3070.0,3070.0,9999.0,10000.0
59,chr7_55242465_GGAATTAAGA_G,DNA-10362_19,CG001Qv40Next021,CG001Qv40Run15,27.4222668004012,15.192450037009625,3070.0,3070.0,9970.0,5404.0
60,chr7_55242465_GGAATTAAGA_G,DNA-10362_20,CG001Qv40Next021,CG001Qv40Run15,39.16456970306996,23.22798404418533,3070.0,3070.0,9935.0,3259.0
61,chr7_55242465_GGAATTAAGA_G,DNA-10362_21,CG001Qv40Next021,CG001Qv40Run15,43.25520571371089,27.83964365256125,3070.0,3070.0,9941.0,3592.0
62,chr7_55242465_GGAATTAAGA_G,DNA-10362_22,CG001Qv40Next021,CG001Qv40Run15,51.02864058087939,35.03527040644945,3070.0,3070.0,9916.0,2977.0
63,chr7_55242465_GGAATTAAGA_G,DNA-10362_23,CG001Qv40Next021,CG001Qv40Run15,50.281917035843755,33.69348876883708,3070.0,3070.0,9932.0,3517.0
64,chr7_55242465_GGAATTAAGA_G,DNA-11190_5,CG001Qv40Next021,CG001Qv40Run15,46.74132364810331,32.671819511176096,3070.0,3070.0,9912.0,4787.0
65,chr7_55242465_GGAATTAAGA_G,DNA-11190_6,CG001Qv40Next021,CG001Qv40Run15,46.50764895330114,29.90282685512368,3070.0,3070.0,9936.0,4528.0
66,chr7_55242465_GGAATTAAGA_G,DNA-11190_7,CG001Qv40Next021,CG001Qv40Run15,49.7839413124309,34.57620603497982,3070.0,3070.0,9951.0,5203.0
67,chr7_55242465_GGAATTAAGA_G,DNA-11190_8,CG001Qv40Next021,CG001Qv40Run15,53.066774096082185,36.55913978494624,3070.0,3070.0,9929.0,3813.0
68,chr7_55242465_GGAATTAAGA_G,DNA-11190_9,CG001Qv40Next021,CG001Qv40Run15,51.19179322136176,33.770076077768394,3070.0,3070.0,9943.0,4732.0
69,chr7_55242465_GGAATTAAGA_G,DNA-9832_10,CG001Qv40Next021,CG001Qv40Run15,49.91951710261569,33.64293085655315,3070.0,3070.0,9940.0,3876.0
70,chr7_55242465_GGAATTAAGA_G,DNA-9832_24,CG001Qv40Next021,CG001Qv40Run15,54.046708274612435,36.31446087270104,3070.0,3070.0,9934.0,2773.0
75,chr7_55249087_CG_C,BLANK_1,CG001Qv40Next022,CG001Qv40Run19,30.158730158730158,19.791666666666664,3070.0,1285.0,756.0,192.0
114,chr7_55242464_AGGAATTAAGAGAAGC_A,10000_9,CG001Qv40Next025,CG001Qv40Run47,13.45,7.776049766718508,3070.0,1793.0,10000.0,3858.0
117,chr7_55242464_AGGAATTAAGAGAAGC_A,1250_21,CG001Qv40Next025,CG001Qv40Run47,14.47,8.048395581273015,3070.0,1793.0,10000.0,7604.0
122,chr15_90631917_TC_T,1250_23,CG001Qv40Next025,CG001Qv40Run47,25.95557334400641,34.18367346938776,3070.0,3070.0,9994.0,9996.0
126,chr7_55242464_AGGAATTAAGAGAAGC_A,20000_5,CG001Qv40Next025,CG001Qv40Run47,12.08,5.502271580010095,3070.0,1793.0,10000.0,1981.0
134,chr7_55242464_AGGAATTAAGAGAAGC_A,2500_17,CG001Qv40Next025,CG001Qv40Run47,12.5125025005001,6.995204233504218,3070.0,1793.0,9998.0,6047.0
142,chr7_55242464_AGGAATTAAGAGAAGC_A,5000_13,CG001Qv40Next025,CG001Qv40Run47,14.510000000000002,7.807675341861491,3070.0,1793.0,10000.0,4534.0
201,chr7_55249012_C_CAACCCTGGA,DNA-15803_6,CG001Qv40Next041,CG001Qv40Run107,24.152415241524164,32.77655531106221,3070.0,3070.0,9999.0,9998.0
215,chr17_7579342_ATGCAAGAAGCCCAGACGGAAACC_A,DNA-15837_6,CG001Qv40Next045,CG001Qv40Run121,48.063185431129895,38.36574175223946,3070.0,3070.0,9939.0,4577.0
279,chr7_55249012_C_CGGT,DNA-17002_13,CG001Qv40Next056,CG001Qv40Run134,73.47734773477346,59.42,3070.0,3070.0,9999.0,10000.0
280,chr7_55242466_GAATTAAGAGA_G,DNA-17003_14,CG001Qv40Next056,CG001Qv40Run134,49.6691397633848,32.43442925748061,3070.0,3070.0,9974.0,2707.0
281,chr7_55242479_CAA_C,DNA-17003_14,CG001Qv40Next056,CG001Qv40Run134,49.65420467074272,32.36269812016218,3070.0,3070.0,9977.0,2713.0
288,chr7_55242464_AGGAATTAAGAGAAGC_A,DNA-16990_14,CG001Qv40Next058,CG001Qv40Run136,65.07603041216487,49.95198079231693,3070.0,3070.0,9996.0,8330.0
333,chr7_55242464_AGGAATTAAGAGAAGC_A,DNA-17213_24,CG001Qv40Next060,CG001Qv40Run139,28.525705141028208,16.117671431530972,3070.0,3070.0,9998.0,4827.0
381,chr7_55242465_GGAATTAAGAGAAGCA_G,DNA-17310_11,CG001Qv40Next062,CG001Qv40Run142,10.03602161296778,3.9455782312925174,3070.0,2130.0,9994.0,2940.0
423,chr17_37880981_A_AGCATACGTGATG,DNA-17333_22,CG001Qv40Next064,CG001Qv40Run144,12.77,18.93279749944184,3070.0,3070.0,10000.0,8958.0
424,chr7_55242464_AGGAATTAAGAGAAGC_A,DNA-17365_8,CG001Qv40Next064,CG001Qv40Run144,24.6,13.779697624190064,3070.0,2494.0,10000.0,4630.0
